<?xml version="1.0" encoding="utf-8"?>
<ArrayOfStudent xmlns:xsi="http://www.w3.org/2001/XMLSchema-instance" xmlns:xsd="http://www.w3.org/2001/XMLSchema">
  <Student>
    <StudentId>0c4ab64e-f815-4894-a304-71fad89c9fdd</StudentId>
    <FirstName>Sucheta</FirstName>
    <LastName>Karande</LastName>
    <StudentCode>200449869</StudentCode>
    <MyRecord>false</MyRecord>
    <DateOfBirth>1996-04-11T00:00:00</DateOfBirth>
    <CreateDate>2020-12-03T15:13:35.8433333</CreateDate>
    <EditDate>2020-12-03T15:13:35.8154401</EditDate>
  </Student>
  <Student>
    <StudentId>0eaf9513-302b-4f7a-be1e-5c7c3557f37b</StudentId>
    <FirstName>Meet</FirstName>
    <LastName>Patel</LastName>
    <StudentCode>200467632</StudentCode>
    <MyRecord>false</MyRecord>
    <DateOfBirth>2020-12-02T10:33:03.172</DateOfBirth>
    <CreateDate>2020-12-02T10:33:18.74</CreateDate>
    <EditDate>2020-12-02T10:33:18.694154</EditDate>
  </Student>
  <Student>
    <StudentId>108995bc-9d28-47ed-9b12-211a56b25e9a</StudentId>
    <FirstName>Chris</FirstName>
    <LastName>Dyck</LastName>
    <StudentCode>200335615</StudentCode>
    <MyRecord>true</MyRecord>
    <DateOfBirth>1971-11-29T00:00:00</DateOfBirth>
    <CreateDate>2020-10-18T23:51:04.1933333</CreateDate>
    <EditDate>2020-10-18T23:51:03.3742126</EditDate>
  </Student>
  <Student>
    <StudentId>128835e3-08a4-4558-b26f-54e082363ec9</StudentId>
    <FirstName>Test</FirstName>
    <LastName>Student</LastName>
    <StudentCode>123456789</StudentCode>
    <MyRecord>false</MyRecord>
    <DateOfBirth>1971-11-29T00:00:00</DateOfBirth>
    <CreateDate>2020-10-18T23:56:44.64</CreateDate>
    <EditDate>2020-10-18T23:56:44.593883</EditDate>
  </Student>
  <Student>
    <StudentId>139a505c-d7fc-4330-acfc-294ad0d1ff8c</StudentId>
    <FirstName>Carolyn</FirstName>
    <LastName>Knight</LastName>
    <StudentCode>637403598820368659</StudentCode>
    <MyRecord>false</MyRecord>
    <DateOfBirth>2020-11-07T00:00:00</DateOfBirth>
    <CreateDate>2020-11-07T20:31:23.73</CreateDate>
    <EditDate>2020-11-07T20:31:22.947644</EditDate>
  </Student>
  <Student>
    <StudentId>1c28ff40-cdcc-4de1-a31c-77fe81542999</StudentId>
    <FirstName>John</FirstName>
    <LastName>Doe</LastName>
    <StudentCode>987456321</StudentCode>
    <MyRecord>false</MyRecord>
    <DateOfBirth>1998-11-11T18:27:20.159</DateOfBirth>
    <CreateDate>2020-11-11T18:28:26.21</CreateDate>
    <EditDate>2020-11-11T18:32:22.4048308</EditDate>
  </Student>
  <Student>
    <StudentId>23c87124-589e-40db-87e3-dfa39822ce14</StudentId>
    <FirstName>John</FirstName>
    <LastName>Smith</LastName>
    <StudentCode>637390497569241580</StudentCode>
    <MyRecord>false</MyRecord>
    <DateOfBirth>2020-09-28T15:35:56.9321763</DateOfBirth>
    <CreateDate>2020-10-23T15:35:59.1966667</CreateDate>
    <EditDate>2020-10-23T15:35:59.1018057</EditDate>
  </Student>
  <Student>
    <StudentId>246500f7-a742-44a0-913e-d87820b79067</StudentId>
    <FirstName>Piyush</FirstName>
    <LastName>Tyagi</LastName>
    <StudentCode>200463142</StudentCode>
    <MyRecord>false</MyRecord>
    <DateOfBirth>1996-11-14T00:00:00</DateOfBirth>
    <CreateDate>2020-12-03T15:13:45.5866667</CreateDate>
    <EditDate>2020-12-03T15:13:45.5688214</EditDate>
  </Student>
  <Student>
    <StudentId>2603dbfc-5ecc-4c2b-8994-be08e614be0e</StudentId>
    <FirstName>Sol</FirstName>
    <LastName>Jun</LastName>
    <StudentCode>200473131</StudentCode>
    <MyRecord>false</MyRecord>
    <DateOfBirth>1997-06-30T00:00:00</DateOfBirth>
    <CreateDate>2020-11-24T02:41:13.1966667</CreateDate>
    <EditDate>2020-11-24T02:41:12.7958624</EditDate>
  </Student>
  <Student>
    <StudentId>26e4abb8-6c82-44b9-ab1f-1bcedfb6e201</StudentId>
    <FirstName>Janina</FirstName>
    <LastName>Cortez</LastName>
    <StudentCode>200467506</StudentCode>
    <MyRecord>false</MyRecord>
    <DateOfBirth>1994-11-21T00:00:00</DateOfBirth>
    <CreateDate>2020-11-24T03:45:29.4066667</CreateDate>
    <EditDate>2020-11-24T03:45:29.3473427</EditDate>
  </Student>
  <Student>
    <StudentId>29e400a7-5cf3-4762-9112-4053e8eea875</StudentId>
    <FirstName>NnennaGrace</FirstName>
    <LastName>Alphonsus</LastName>
    <StudentCode>200470693</StudentCode>
    <MyRecord>false</MyRecord>
    <DateOfBirth>1990-12-12T00:00:00</DateOfBirth>
    <CreateDate>2020-12-03T15:13:29.9566667</CreateDate>
    <EditDate>2020-12-03T15:13:29.8944765</EditDate>
  </Student>
  <Student>
    <StudentId>2ac08eae-43a4-4823-a59f-594d65341374</StudentId>
    <FirstName>Ankur</FirstName>
    <LastName>Singh</LastName>
    <StudentCode>200454993</StudentCode>
    <MyRecord>false</MyRecord>
    <DateOfBirth>1992-01-08T00:00:00</DateOfBirth>
    <CreateDate>2020-12-03T15:13:41.6366667</CreateDate>
    <EditDate>2020-12-03T15:13:41.6223291</EditDate>
  </Student>
  <Student>
    <StudentId>3e260495-b6c9-4d66-9d71-f7ec5ae5fd27</StudentId>
    <FirstName>Sangeetha</FirstName>
    <LastName>Jayachandran</LastName>
    <StudentCode>200454997</StudentCode>
    <MyRecord>false</MyRecord>
    <DateOfBirth>1998-06-25T00:00:00</DateOfBirth>
    <CreateDate>2020-12-03T15:13:34.5766667</CreateDate>
    <EditDate>2020-12-03T15:13:34.5521301</EditDate>
  </Student>
  <Student>
    <StudentId>3e88b321-fcc7-42be-a2a3-2e6230d18089</StudentId>
    <FirstName>Binaya</FirstName>
    <LastName>Gurung</LastName>
    <StudentCode>200443749</StudentCode>
    <MyRecord>false</MyRecord>
    <DateOfBirth>1995-08-06T00:00:00</DateOfBirth>
    <CreateDate>2020-12-03T15:13:33.0966667</CreateDate>
    <EditDate>2020-12-03T15:13:33.0694588</EditDate>
  </Student>
  <Student>
    <StudentId>3fb84d0f-d51b-498b-8587-37a45c0e004d</StudentId>
    <FirstName>Tomasz</FirstName>
    <LastName>Szumski</LastName>
    <StudentCode>9999999</StudentCode>
    <MyRecord>false</MyRecord>
    <DateOfBirth>1957-01-07T00:00:00</DateOfBirth>
    <CreateDate>2020-11-26T15:17:58.39</CreateDate>
    <EditDate>2020-11-26T15:17:57.7425904</EditDate>
  </Student>
  <Student>
    <StudentId>446bb5cc-790b-4e58-bec0-dee135fa3e77</StudentId>
    <FirstName>Carolyn</FirstName>
    <LastName>Knight</LastName>
    <StudentCode>637403598951720632</StudentCode>
    <MyRecord>false</MyRecord>
    <DateOfBirth>2020-11-07T00:00:00</DateOfBirth>
    <CreateDate>2020-11-07T20:31:36.0333333</CreateDate>
    <EditDate>2020-11-07T20:31:35.9827164</EditDate>
  </Student>
  <Student>
    <StudentId>4569b317-5fcb-498d-8d18-4e0773a4a8be</StudentId>
    <FirstName>AndrewKurian</FirstName>
    <LastName>Jacob</LastName>
    <StudentCode>200468841</StudentCode>
    <MyRecord>false</MyRecord>
    <DateOfBirth>1997-05-05T00:00:00</DateOfBirth>
    <CreateDate>2020-12-03T15:13:33.79</CreateDate>
    <EditDate>2020-12-03T15:13:33.7674509</EditDate>
  </Student>
  <Student>
    <StudentId>4645daca-0d8a-45b2-b086-ac46f06d09ba</StudentId>
    <FirstName>Carolyn</FirstName>
    <LastName>Knight</LastName>
    <StudentCode>637403599426949207</StudentCode>
    <MyRecord>false</MyRecord>
    <DateOfBirth>2020-11-07T00:00:00</DateOfBirth>
    <CreateDate>2020-11-07T20:32:23.6</CreateDate>
    <EditDate>2020-11-07T20:32:23.5510797</EditDate>
  </Student>
  <Student>
    <StudentId>4c9e6bdf-9283-4aaf-9b2c-0e43562ea74d</StudentId>
    <FirstName>Tomasz</FirstName>
    <LastName>Szumski</LastName>
    <StudentCode>200469298</StudentCode>
    <MyRecord>false</MyRecord>
    <DateOfBirth>1957-01-07T00:00:00</DateOfBirth>
    <CreateDate>2020-12-03T15:13:43.1133333</CreateDate>
    <EditDate>2020-12-03T15:13:43.0998472</EditDate>
  </Student>
  <Student>
    <StudentId>5a633b1f-7c6b-4df3-8fa7-929706beaf73</StudentId>
    <FirstName>MehmetOzan</FirstName>
    <LastName>Kaya</LastName>
    <StudentCode>200460055</StudentCode>
    <MyRecord>false</MyRecord>
    <DateOfBirth>0001-01-01T00:00:00</DateOfBirth>
    <CreateDate>2020-12-03T15:13:37.2833333</CreateDate>
    <EditDate>2020-12-03T15:13:37.2583969</EditDate>
  </Student>
  <Student>
    <StudentId>61232ebb-227b-464e-a7c2-cc058f793ff0</StudentId>
    <FirstName>Shivansh</FirstName>
    <LastName>Desai</LastName>
    <StudentCode>200464960</StudentCode>
    <MyRecord>false</MyRecord>
    <DateOfBirth>1994-03-10T00:00:00</DateOfBirth>
    <CreateDate>2020-12-03T02:56:59.4966667</CreateDate>
    <EditDate>2020-12-03T02:56:58.954294</EditDate>
  </Student>
  <Student>
    <StudentId>63b5200d-625b-4bcc-b823-ec4ac8d10578</StudentId>
    <FirstName>John</FirstName>
    <LastName>Smith</LastName>
    <StudentCode>637390497125737534</StudentCode>
    <MyRecord>false</MyRecord>
    <DateOfBirth>2020-09-28T15:35:12.5883538</DateOfBirth>
    <CreateDate>2020-10-23T15:35:28.9</CreateDate>
    <EditDate>2020-10-23T15:35:26.0928795</EditDate>
  </Student>
  <Student>
    <StudentId>663b85c9-7798-4b1a-aac1-d7f6be730121</StudentId>
    <FirstName>Falak</FirstName>
    <LastName>Ghoda</LastName>
    <StudentCode>200452357</StudentCode>
    <MyRecord>false</MyRecord>
    <DateOfBirth>0001-01-01T00:00:00</DateOfBirth>
    <CreateDate>2020-12-03T15:13:31.5733333</CreateDate>
    <EditDate>2020-12-03T15:13:31.5563129</EditDate>
  </Student>
  <Student>
    <StudentId>676955f7-8172-45ca-a6da-92c6fe153194</StudentId>
    <FirstName>John</FirstName>
    <LastName>Smith</LastName>
    <StudentCode>637390529221362277</StudentCode>
    <MyRecord>false</MyRecord>
    <DateOfBirth>2020-09-28T16:28:42.1468194</DateOfBirth>
    <CreateDate>2020-10-23T16:28:45.6366667</CreateDate>
    <EditDate>2020-10-23T16:28:44.8175844</EditDate>
  </Student>
  <Student>
    <StudentId>6f250968-7874-4c9d-a440-ab25231a32dd</StudentId>
    <FirstName>Jane</FirstName>
    <LastName>Doe</LastName>
    <StudentCode>456781131</StudentCode>
    <MyRecord>false</MyRecord>
    <DateOfBirth>2000-10-21T00:00:00</DateOfBirth>
    <CreateDate>2020-10-21T19:46:08.26</CreateDate>
    <EditDate>2020-10-21T19:46:08.1347006</EditDate>
  </Student>
  <Student>
    <StudentId>73adca9b-3db9-495b-b636-0892dbdb2528</StudentId>
    <FirstName>David</FirstName>
    <LastName>Mash</LastName>
    <StudentCode>200473708</StudentCode>
    <MyRecord>false</MyRecord>
    <DateOfBirth>2000-11-18T18:27:20.1592</DateOfBirth>
    <CreateDate>2020-11-18T18:55:28.92</CreateDate>
    <EditDate>2020-11-18T18:55:28.8960172</EditDate>
  </Student>
  <Student>
    <StudentId>8069eacd-213a-4088-8010-9625a77436ef</StudentId>
    <FirstName>Danhong</FirstName>
    <LastName>Tang</LastName>
    <StudentCode>200471292</StudentCode>
    <MyRecord>false</MyRecord>
    <DateOfBirth>2000-11-11T00:00:00</DateOfBirth>
    <CreateDate>2020-12-03T15:13:43.7166667</CreateDate>
    <EditDate>2020-12-03T15:13:43.6967127</EditDate>
  </Student>
  <Student>
    <StudentId>83cd8376-32d0-4386-bfa9-6eff08c3dd41</StudentId>
    <FirstName>Rajdeep</FirstName>
    <LastName>Kaur</LastName>
    <StudentCode>200459092</StudentCode>
    <MyRecord>false</MyRecord>
    <DateOfBirth>1998-03-03T00:00:00</DateOfBirth>
    <CreateDate>2020-12-03T15:13:36.6366667</CreateDate>
    <EditDate>2020-12-03T15:13:36.6104722</EditDate>
  </Student>
  <Student>
    <StudentId>882b7de4-6598-49eb-a83f-c496b22eb855</StudentId>
    <FirstName>Updated Osahon</FirstName>
    <LastName>&lt;Updated Ighodaro&gt;</LastName>
    <StudentCode>200470130</StudentCode>
    <MyRecord>false</MyRecord>
    <DateOfBirth>1988-12-11T00:00:00</DateOfBirth>
    <CreateDate>2020-11-15T22:48:44.71</CreateDate>
    <EditDate>2020-11-16T01:11:29.5690807</EditDate>
  </Student>
  <Student>
    <StudentId>8c5f2601-469b-47b2-b1d8-4caca5ebda4b</StudentId>
    <FirstName>Jenisha</FirstName>
    <LastName>Thummar</LastName>
    <StudentCode>200450776</StudentCode>
    <MyRecord>false</MyRecord>
    <DateOfBirth>0001-01-01T00:00:00</DateOfBirth>
    <CreateDate>2020-12-03T15:13:44.9033333</CreateDate>
    <EditDate>2020-12-03T15:13:44.8870004</EditDate>
  </Student>
  <Student>
    <StudentId>90a256da-35b1-4698-94ed-263ebd61b4e0</StudentId>
    <FirstName>Dixit</FirstName>
    <LastName>Ohri</LastName>
    <StudentCode>200464602</StudentCode>
    <MyRecord>false</MyRecord>
    <DateOfBirth>1995-02-04T00:00:00</DateOfBirth>
    <CreateDate>2020-11-19T11:01:18.41</CreateDate>
    <EditDate>2020-11-19T11:18:48.1747804</EditDate>
  </Student>
  <Student>
    <StudentId>a46110df-0dfe-429e-b934-adbb834b31ae</StudentId>
    <FirstName>Jane</FirstName>
    <LastName>Does</LastName>
    <StudentCode>883100937</StudentCode>
    <MyRecord>false</MyRecord>
    <DateOfBirth>1985-04-11T00:00:00</DateOfBirth>
    <CreateDate>2020-11-01T22:10:41.76</CreateDate>
    <EditDate>2020-11-04T00:43:25.4469949</EditDate>
  </Student>
  <Student>
    <StudentId>aa18059a-94f3-4e09-91f0-14f05277d05e</StudentId>
    <FirstName>Carolyn</FirstName>
    <LastName>Knight</LastName>
    <StudentCode>200289345</StudentCode>
    <MyRecord>false</MyRecord>
    <DateOfBirth>1987-05-20T00:00:00</DateOfBirth>
    <CreateDate>2020-12-03T15:13:38.4</CreateDate>
    <EditDate>2020-12-03T15:13:38.3856026</EditDate>
  </Student>
  <Student>
    <StudentId>b3e3c26d-8b59-4f11-a2c6-d9d3cada7a88</StudentId>
    <FirstName>Karish</FirstName>
    <LastName>Thangarajah</LastName>
    <StudentCode>200471940</StudentCode>
    <MyRecord>false</MyRecord>
    <DateOfBirth>1997-03-06T00:00:00</DateOfBirth>
    <CreateDate>2020-11-11T04:03:52.2566667</CreateDate>
    <EditDate>2020-11-11T04:03:51.9411053</EditDate>
  </Student>
  <Student>
    <StudentId>b494e895-dca4-41be-aa4d-65f972e789ce</StudentId>
    <FirstName>string1</FirstName>
    <LastName>string2</LastName>
    <StudentCode>20009090</StudentCode>
    <MyRecord>false</MyRecord>
    <DateOfBirth>2010-12-05T05:46:41.694</DateOfBirth>
    <CreateDate>2020-12-05T05:47:26.0633333</CreateDate>
    <EditDate>2020-12-05T05:47:26.0291793</EditDate>
  </Student>
  <Student>
    <StudentId>b5ac822c-5dd5-4cb7-8cd1-86cc1e8b6687</StudentId>
    <FirstName>Simon</FirstName>
    <LastName>Says</LastName>
    <StudentCode>987654321</StudentCode>
    <MyRecord>false</MyRecord>
    <DateOfBirth>2000-11-07T00:00:00</DateOfBirth>
    <CreateDate>2020-10-28T19:04:30.4533333</CreateDate>
    <EditDate>2020-11-07T21:34:43.4369563</EditDate>
  </Student>
  <Student>
    <StudentId>beb6ec6b-a591-4145-9005-2049a3fadbe7</StudentId>
    <FirstName>KelvinJose</FirstName>
    <LastName>Pinto</LastName>
    <StudentCode>200458890</StudentCode>
    <MyRecord>false</MyRecord>
    <DateOfBirth>2020-03-18T17:04:05.768</DateOfBirth>
    <CreateDate>2020-11-18T17:05:25.1466667</CreateDate>
    <EditDate>2020-11-18T17:05:24.8160359</EditDate>
  </Student>
  <Student>
    <StudentId>c08623e0-1c76-4213-998e-f1d582b80ba0</StudentId>
    <FirstName>John</FirstName>
    <LastName>Smith</LastName>
    <StudentCode>637390838002746070</StudentCode>
    <MyRecord>false</MyRecord>
    <DateOfBirth>2020-09-19T01:03:20.2752555</DateOfBirth>
    <CreateDate>2020-10-22T15:44:30.5</CreateDate>
    <EditDate>2020-10-23T16:41:58.8700724</EditDate>
  </Student>
  <Student>
    <StudentId>ce7b3fb2-e36a-467f-a9b1-1752ddeb2474</StudentId>
    <FirstName>Jane</FirstName>
    <LastName>Doe</LastName>
    <StudentCode>string</StudentCode>
    <MyRecord>false</MyRecord>
    <DateOfBirth>1990-12-01T00:52:54.858</DateOfBirth>
    <CreateDate>2020-12-01T00:46:32.41</CreateDate>
    <EditDate>2020-12-01T00:46:32.3600266</EditDate>
  </Student>
  <Student>
    <StudentId>d60d15bd-b7a3-4b0e-ab8b-5de6dba8e357</StudentId>
    <FirstName>Manoj</FirstName>
    <LastName>Gottumukkala</LastName>
    <StudentCode>200467080</StudentCode>
    <MyRecord>false</MyRecord>
    <DateOfBirth>0001-01-01T00:00:00</DateOfBirth>
    <CreateDate>2020-12-03T15:13:32.2533333</CreateDate>
    <EditDate>2020-12-03T15:13:32.2204614</EditDate>
  </Student>
  <Student>
    <StudentId>dc3666ae-686d-4389-91bb-6468879412ea</StudentId>
    <FirstName>Sophie</FirstName>
    <LastName>Kellman</LastName>
    <StudentCode>200471222</StudentCode>
    <MyRecord>false</MyRecord>
    <DateOfBirth>0001-01-01T00:00:00</DateOfBirth>
    <CreateDate>2020-12-03T15:13:37.8366667</CreateDate>
    <EditDate>2020-12-03T15:13:37.8081354</EditDate>
  </Student>
  <Student>
    <StudentId>de642828-1d36-4d39-a87c-a955afaa52be</StudentId>
    <FirstName>Abdullah</FirstName>
    <LastName>Mohammed</LastName>
    <StudentCode>200468325</StudentCode>
    <MyRecord>false</MyRecord>
    <DateOfBirth>1977-11-26T00:24:12.466</DateOfBirth>
    <CreateDate>2020-11-26T00:24:48.9733333</CreateDate>
    <EditDate>2020-11-26T00:24:48.9339847</EditDate>
  </Student>
  <Student>
    <StudentId>e8d9b5b1-53b4-4dd0-9809-230359c6871d</StudentId>
    <FirstName>Jane</FirstName>
    <LastName>Doe</LastName>
    <StudentCode>9874563212131545</StudentCode>
    <MyRecord>false</MyRecord>
    <DateOfBirth>1990-11-11T18:27:20.159</DateOfBirth>
    <CreateDate>2020-11-11T18:39:45.5133333</CreateDate>
    <EditDate>2020-11-11T18:42:09.3590811</EditDate>
  </Student>
  <Student>
    <StudentId>ee819c54-f12d-42e0-ab92-da01aaa1065a</StudentId>
    <FirstName />
    <LastName>Meenu</LastName>
    <StudentCode>200455930</StudentCode>
    <MyRecord>false</MyRecord>
    <DateOfBirth>0001-01-01T00:00:00</DateOfBirth>
    <CreateDate>2020-12-03T15:13:39.44</CreateDate>
    <EditDate>2020-12-03T15:13:39.4224413</EditDate>
  </Student>
  <Student>
    <StudentId>f1843201-7908-4001-9106-5238f1942992</StudentId>
    <FirstName>David</FirstName>
    <LastName>Mascioli</LastName>
    <StudentCode>200473709</StudentCode>
    <MyRecord>false</MyRecord>
    <DateOfBirth>2072-09-21T00:00:00</DateOfBirth>
    <CreateDate>2020-10-31T23:09:07.7433333</CreateDate>
    <EditDate>2020-10-31T23:09:07.1877621</EditDate>
  </Student>
  <Student>
    <StudentId>f4df41a4-375d-47db-b4ca-b2a94c2da802</StudentId>
    <FirstName>Jiyoung</FirstName>
    <LastName>Sohn</LastName>
    <StudentCode>200449414</StudentCode>
    <MyRecord>false</MyRecord>
    <DateOfBirth>1980-08-04T00:00:00</DateOfBirth>
    <CreateDate>2020-12-03T15:13:42.2066667</CreateDate>
    <EditDate>2020-12-03T15:13:42.1911089</EditDate>
  </Student>
  <Student>
    <StudentId>f58c663b-5168-44a6-b1c6-a93382faf0a8</StudentId>
    <FirstName>Leah</FirstName>
    <LastName>Stepanek</LastName>
    <StudentCode>083100937</StudentCode>
    <MyRecord>false</MyRecord>
    <DateOfBirth>1965-04-11T04:20:00</DateOfBirth>
    <CreateDate>2020-11-14T20:33:44.0033333</CreateDate>
    <EditDate>2020-11-14T20:33:43.7461936</EditDate>
  </Student>
  <Student>
    <StudentId>fc8b45a1-c847-43fe-8dbc-09dd8c5cba06</StudentId>
    <FirstName>Meet</FirstName>
    <LastName>Patel</LastName>
    <StudentCode>200467532</StudentCode>
    <MyRecord>false</MyRecord>
    <DateOfBirth>1998-11-12T00:00:00</DateOfBirth>
    <CreateDate>2020-12-03T15:13:40.7066667</CreateDate>
    <EditDate>2020-12-03T15:13:40.690538</EditDate>
  </Student>
</ArrayOfStudent>